MomLeg1[1],MomLeg2[1],ATRLeg1[1],ATRLeg2[1],Correlation,Duration,Type,MAE_leg1,MFE_leg1,Profit_leg1,MAE_leg2,MFE_leg2,Profit_leg2,Total_MAE,Total_MFE,Total_Profit,Profit
73.39813525,26.71849988,0.003892,0.0024405,0.87792675,43200,1,-112.97,0,-16.79,-128.59,41.59,3.32,-222.99,0,-13.47,0
36.62020022,72.47335576,0.002725,0.002358,-0.537449631,39600,0,-65.32,0,-23.98,-14.84,83.09,74.44,-25.54,31.36,50.46,1
55.59883924,18.1284865,0.003235,0.0029985,0.793711478,25200,1,-91.34,45.17,20.56,-157.39,54.98,14.65,-112.22,0,35.21,1
35.65107121,77.6427562,0.001942,0.001858,0.105615021,21600,0,-66.15,0,93.95,-12.7,96.24,-88.56,-23.01,30.09,5.39,1
74.79790085,36.97854679,0.002305,0.002674,0.142945691,198000,1,-16.42,45.56,34.19,-42.45,25.12,-33.84,-39.92,70.68,0.35,1
31.07143902,66.26185202,0.002334,0.001989,0.492430153,61200,0,-152.22,0,-127.76,-17.03,141.57,120,-55.04,34.47,-7.76,0
32.26938339,69.57598342,0.0021245,0.002136,0.065904582,25200,0,-72.18,5.71,-92.04,-28.14,257.87,372.62,-22.8,185.69,280.58,1
35.01028322,72.22264773,0.002176,0.002237,-0.735331361,28800,0,-23.72,8.09,24.64,-21.38,18.45,14.33,-45.1,24.79,38.97,1
66.08539783,30.39805379,0.0027015,0.0021895,0.059710582,32400,1,-187.83,0,-154.46,-42.33,338.99,332.66,-88.71,151.16,178.2,1
75.42013566,31.83029955,0.0040525,0.003319,0.627146924,57600,1,-754.6,37.08,-651.12,-46.45,557.23,524.66,-197.37,49.73,-126.46,0
68.36596149,26.16245358,0.0038485,0.002992,-0.58668385,86400,1,-64.2,172.81,26.75,-307.53,4.71,-69.86,-310.36,65.06,-43.11,0
60.0021736,24.47868172,0.004764,0.0031795,0.53400551,25200,1,-109.43,7.99,61.98,-36.89,74.32,-14.51,-74.63,0,47.47,1
20.04232911,60.15620281,0.0044035,0.0021045,0.035213551,57600,0,-50.93,54.5,41.28,-123.9,43.97,-60.96,-141.77,51.6,-19.68,0
30.17422161,65.62364566,0.0030455,0.0022515,-0.051699772,43200,0,-9.85,104.75,152.61,-244.33,0,-205.34,-156.21,0,-52.73,0
62.4669028,24.12122208,0.0025645,0.002121,0.089188598,36000,1,-206.07,0,-159.86,-47.13,170.85,99.17,-90.16,0,-60.69,0
26.48856471,66.33844583,0.0036265,0.002634,0.839210058,68400,0,-115.83,3.39,-13.78,-44.12,154.47,-46.81,-52.8,43.78,-60.59,0
57.62372326,18.52917989,0.0024235,0.002453,-0.477882397,18000,1,-123.9,0,-30.87,-12.05,106.32,25.61,-22.43,0,-5.26,0
52.75089671,89.5711693,0.0035315,0.003011,0.908801376,244800,0,-90.63,34.3,9.89,-35.54,119.14,134.85,-43.73,62.48,144.74,1
39.38853362,79.99761732,0.003218,0.002411,-0.046422498,75600,0,-100.17,2.15,-84.34,-59.33,113.75,115.1,-125.4,39.68,30.76,1
68.99301252,24.60408221,0.0022845,0.0021115,-0.57983992,86400,1,-73.11,23.18,15.42,-230.42,45.24,-209.53,-250.24,25.04,-194.11,0
18.39489218,70.18195436,0.0026545,0.0022005,-0.614275235,216000,0,-173.7,0,-142.99,-13.8,247.65,269.11,-24,110.53,126.12,1
40.64440803,77.80007833,0.0031525,0.00232,-0.034381882,21600,0,-51.42,73.53,-92.03,-54.68,219.36,258.4,-53.43,167.94,166.37,1
31.05907708,71.6099143,0.0022245,0.002265,-0.949116193,39600,0,-16.23,92.66,103.55,-49.65,0,1.33,-41.48,57.55,104.88,1
25.16997109,73.490724,0.0025275,0.001994,-0.271008606,3600,0,-10.08,0,35.38,-15.34,0,-54.08,-25.42,0,-18.7,0
21.06599254,58.11506621,0.002513,0.002352,0.020793283,86400,0,-158.85,11.33,-111.01,-89.9,107.93,139.38,-205.43,3.88,28.37,1
35.40731498,70.90785777,0.0022755,0.0020315,-0.835794959,36000,0,-57.4,44.8,46.81,-137.86,57.67,-53.14,-114.74,6.06,-6.33,0
34.15502259,74.0974215,0.0025045,0.002752,-0.732016201,50400,0,-163.87,8.73,-110.52,-13.58,159.66,92.57,-41.62,32.41,-17.95,0
30.94828987,70.90830681,0.0022955,0.0022485,-0.621035039,158400,0,-38.56,88.81,76.15,-344.59,2.54,-257.48,-299.65,0,-181.33,0
73.46741793,34.55570536,0.0022255,0.002599,-0.446887349,61200,1,-11.15,121.8,115.23,-85.22,0,-77.45,-25.42,81.08,37.78,1
24.76699673,68.70324347,0.002694,0.0026445,0.800219472,82800,0,-10.11,148.21,193.16,-185.6,0,-155.45,-80.44,20.56,37.71,1
35.61227719,71.01219521,0.0028345,0.0026175,-0.665931359,50400,0,-186.48,0,-155.56,-27.95,213.86,152.4,-75.05,27.38,-3.16,0
73.12590175,32.61967243,0.0026185,0.0023545,-0.111184186,46800,1,-163.02,0,-128.25,-79.03,86.17,62.51,-148.94,0,-65.74,0
63.6858336,25.39486595,0.002517,0.002585,0.417071497,18000,1,-10.17,34.77,141.61,-11.72,15.08,-24.55,-21.89,43.78,117.06,1
28.29428127,66.99930274,0.0031625,0.0031345,-0.565821558,50400,0,-179.22,7.12,-146.76,-58.67,269.91,247.94,-102.59,90.69,101.18,1
64.35882762,22.11223479,0.002736,0.002634,-0.583650787,28800,1,-48.76,110.07,102.81,-168.69,18.6,-98.13,-65.69,0,4.68,1
67.55341659,29.2257909,0.0026275,0.0025475,0.085345036,79200,1,-10.79,302.29,308.3,-450.34,0,-429.38,-187.17,15.16,-121.08,0
75.57749693,37.21659526,0.0023565,0.002505,-0.786308917,43200,1,-118.66,0.41,-87.67,-48.1,122.1,115.08,-70.27,29.69,27.41,1
42.46989046,78.67844837,0.002405,0.0030915,0.530358893,255600,0,-235.2,8.21,-178.43,-76.04,169.38,128.3,-110.13,41.4,-50.13,0
70.91553332,34.30787733,0.0023395,0.002297,0.318253492,28800,1,-17.41,9.98,-4.31,-11.87,79.09,37.97,-21.83,64.59,33.66,1
47.60160677,84.932012,0.0020055,0.002335,0.693058803,21600,0,-140.67,0,-115.54,-29.43,188.23,132.35,-48.31,55.3,16.81,1
17.67786323,59.18375359,0.002482,0.0026815,0.116004594,118800,0,-187.52,44.26,-99.12,-130.96,57.85,-2.95,-172.27,11.46,-102.07,0
73.12868528,37.6088716,0.0026045,0.002363,-0.231241165,79200,1,-149.09,47.25,-9.49,-40.11,42.75,-8.47,-142.19,49.37,-17.96,0
45.42950486,81.76079412,0.0022935,0.0027735,-0.058191642,46800,0,-48.53,145.42,155.59,-184.96,26.27,-157.3,-57.53,13.97,-1.71,0
79.95502878,44.14049157,0.002618,0.0031595,-0.503256797,36000,1,-115.96,0,-25.6,-26.08,174.36,67.68,-45.46,68.09,42.08,1
31.27227478,76.03860867,0.0023775,0.002414,-0.23455885,28800,0,-15.6,43.68,152.02,-34.59,2.82,1.81,-32.7,37.44,153.83,1
43.83704356,81.15253883,0.00276,0.0026035,0.620647564,97200,0,-206.81,51.67,-104.18,-40.13,76.72,23.54,-153.85,82.38,-80.64,0
67.24475047,22.68322437,0.0020195,0.002042,-0.122418681,21600,1,-8.46,36.3,60.4,-63.48,0,-20.86,-42.76,22.94,39.54,1
25.64431299,71.83205926,0.0024135,0.0023035,-0.277995097,198000,0,-64.94,187.67,159.57,-96.01,0,-185.97,-110.94,91.66,-26.4,0
22.71371948,58.45355682,0.002076,0.0020845,0.611908484,122400,0,-287.63,42.3,-240.71,-57.39,145.01,137.49,-142.82,47.65,-103.22,0
15.42511965,57.92073223,0.0024565,0.0020355,0.707506974,248400,0,-166.54,0,-121.04,-40.6,206.56,207.53,-133.02,78.23,86.49,1
23.30732917,60.82032449,0.0019925,0.0018455,-0.326357077,10800,0,-45.16,0,-17.95,-12.09,61.52,15.1,-26.23,16.36,-2.85,0
65.65451296,23.72576448,0.001854,0.002437,0.104975196,39600,1,-44.84,19.17,53.27,-11.08,66.66,53.01,-25.82,51.82,106.28,1
42.03370051,83.45849383,0.002324,0.0022835,0.637203495,129600,0,-130.68,48.17,-67.18,-114.89,27.2,-75.35,-218.71,22.68,-142.53,0
33.82779356,70.8488583,0.002655,0.002623,-0.14689443,136800,0,-17.34,137.21,98.41,-314.04,0,-268.23,-233.93,0,-169.82,0
64.00020366,25.80186686,0.002105,0.00237,-0.701500597,32400,1,-119.3,0,-100.95,-13.11,192.96,178.74,-71.71,78.89,77.79,1
37.13220318,78.37162228,0.003714,0.002474,0.798176552,14400,0,-169.4,0,-176.61,-17.07,337.72,365.83,-25.82,168.32,189.22,1
58.77590872,18.50957486,0.0020185,0.0022335,-0.026717034,75600,1,-309,24.48,-208.75,-101.42,40.49,19.06,-338.07,0,-189.69,0
41.03967043,80.14735397,0.0019955,0.002262,0.790763732,82800,0,-203.96,0,-20.64,-93.1,135.25,-133.96,-184.65,0,-154.6,0
85.45957234,47.0168721,0.001993,0.002198,0.36856381,64800,1,-112.83,0,63.01,-150.12,30.73,-69.39,-237.45,0,-6.38,0
39.08606719,85.99232329,0.002784,0.002853,0.126591666,25200,0,-8.82,74.95,45.48,-62.65,62.66,27.53,-18.61,87.37,73.01,1
74.75247922,39.4544021,0.002095,0.0026085,-0.592257471,28800,1,-51.62,16.58,-17.73,-20.36,79.33,37,-40.21,38.09,19.27,1
30.3402279,68.48433813,0.001707,0.0018585,0.088047377,10800,0,-9.59,28.53,45.21,-19.55,10.49,54.83,-18.23,16.1,100.04,1
28.15352767,64.55062356,0.001987,0.002236,0.226087987,226800,0,-86.69,101.78,84.74,-152.14,31.47,-55.68,-86.14,5.36,29.06,1
61.1065028,15.58407753,0.0022045,0.0018625,0.925091493,3600,1,-8.79,0,-20.61,-12.43,0,-76.19,-21.22,0,-96.8,0
74.66556607,36.70642422,0.0022625,0.0027665,0.419525729,259200,1,-124.92,57.02,82.82,-255.12,22.94,-236.81,-291.61,0,-153.99,0
32.51047578,74.99211905,0.0022505,0.002691,-0.439903422,208800,0,-73.68,71.6,50.76,-66.29,1.05,-82.48,-113.6,72.65,-31.72,0
18.32495034,63.83635446,0.002357,0.0020705,-0.336684911,126000,0,-452.48,0,-436.41,-51.42,356.63,350.09,-218.75,17.15,-86.32,0
59.46450881,20.94823766,0.00301,0.0026105,-0.681856158,97200,1,-583.49,0,-566.39,-13.46,379.82,350.17,-337.71,21.79,-216.22,0
22.66199857,69.87480748,0.0024935,0.002334,-0.587998857,25200,0,-8.47,125.12,65.76,-49.2,9.65,10.07,-17.69,75.92,75.83,1
20.05221515,71.27306865,0.002881,0.0019315,-0.4474184,230400,0,-11.38,165.58,108.78,-247.84,0,-106.42,-107.94,80.51,2.36,1
54.76612804,17.43085558,0.0030455,0.0035035,-0.20622744,108000,1,-402.63,0,-316.14,-27.52,179.91,58.52,-348.23,0,-257.62,0
50.58809372,13.47524953,0.002566,0.002786,-0.092643934,50400,1,-104.76,0,-66.97,-70.98,121.56,119.25,-99.17,17.36,52.28,1
37.38860476,80.32949371,0.0032095,0.0025505,-0.328674232,64800,0,-44.86,95.02,73.15,-98.78,99.61,-9.79,-26.3,67.09,63.36,1
33.8884658,71.32081131,0.0027055,0.0027405,-0.639625378,72000,0,-15.59,140.01,83.79,-112.09,57.78,18.59,-20.15,108.67,102.38,1
26.22194019,62.55278925,0.003046,0.0024655,-0.414593525,36000,0,-178.93,0,-94.9,-44.8,45.35,-38.08,-158.16,19.8,-132.98,0
42.39584274,78.7126064,0.003049,0.003383,0.811583891,36000,0,-80.04,51.42,87.52,-26.24,5.45,-15.92,-74.59,29.28,71.6,1
73.08944053,36.59449542,0.0024495,0.002979,-0.437674226,39600,1,-20.22,201.13,257.77,-183.51,0,-176.03,-51.71,58.73,81.74,1
31.08653813,70.82344038,0.002145,0.0025185,-0.04748056,244800,0,-65.59,32.63,-60.48,-121.17,44.23,42.79,-118.8,3.17,-17.69,0
64.88833571,27.45350733,0.00224,0.002251,0.086585303,68400,1,-9.76,88.29,39.1,-39.9,26.12,8.8,-36.09,68.8,47.9,1
18.92777424,57.11644703,0.0026925,0.0019865,-0.614227441,64800,0,-179.49,3.8,1.4,-61.58,66.95,-71.57,-210.91,47.59,-70.17,0
65.82723992,30.63573854,0.0020305,0.0019245,0.133626878,3600,1,-10.27,0,91.78,-9.4,0,-152.74,-19.67,0,-60.96,0
23.17552333,63.72277463,0.002021,0.001547,-0.247728791,64800,0,-302.49,0,-240.28,-9.33,104.13,76.33,-198.36,12.73,-163.95,0
23.16522812,61.24854392,0.002105,0.0019495,0.315574918,21600,0,-59.92,0,69.31,-9.94,80.12,-52.17,-19.58,53.12,17.14,1
20.93681118,60.36077199,0.0015415,0.0015745,-0.770178888,25200,0,-20.47,96.63,13.31,-117.28,16.94,-2.37,-42.51,28.78,10.94,1
18.05711745,54.23963545,0.0016835,0.0019065,0.904283961,237600,0,-152.1,21.44,-104.1,-73.86,66.13,21.54,-150.01,0,-82.56,0
26.86057751,80.89165955,0.0016975,0.0013495,0.796922939,14400,0,-96.99,0,-84.78,-20.02,146.34,94.92,-37.2,50.11,10.14,1
29.36255187,66.2839015,0.0015965,0.001778,-0.361287891,57600,0,-113.26,0,-115.84,-9.02,138.41,118.54,-19.69,30.31,2.7,1
41.34491159,79.45804093,0.001596,0.001384,-0.480335529,10800,0,-43.91,0,11.31,-18.43,22.87,-22.31,-26.98,0,-11,0
72.35131794,35.72866225,0.001945,0.00195,0.892538768,39600,1,-25.24,23.22,39.09,-47.77,8.05,-9.26,-38.16,4.68,29.83,1
35.65961503,72.1572354,0.001774,0.001676,-0.627788727,334800,0,-31.17,71.74,75.02,-206.99,9.31,-173.08,-192.14,12.16,-98.06,0
34.83202635,78.9293932,0.0019345,0.0017575,0.817641099,212400,0,-41.32,12.76,21.11,-51.27,0,-17.63,-77.86,0,3.48,1
82.22640787,42.06230569,0.0017475,0.001484,0.959354789,21600,1,-30.9,33.41,17.05,-52.67,99.73,63.74,-29.05,71.91,80.79,1
66.05803687,30.31005156,0.002107,0.0016455,-0.351987358,39600,1,-77.09,0,1.24,-80.13,44.04,-288.89,-93.89,0,-287.65,0
38.52936081,76.90129951,0.0018765,0.0015635,0.684156584,93600,0,-238.08,0,-216.9,-66.34,83.46,83.96,-219.77,0,-132.94,0
70.13884683,34.04741663,0.00187,0.001679,0.186913914,72000,1,-70.52,30.34,39.66,-51.27,39.82,-45.9,-89.49,42.91,-6.24,0
68.1709713,17.39300176,0.0016155,0.0011875,0.333213609,25200,1,-55.57,0,-45.14,-11.53,99.94,111.68,-20.99,45,66.54,1
35.57532066,72.39858834,0.001748,0.001949,-0.639806298,72000,0,-42.53,73.97,136.41,-136.11,47.25,-126.03,-130.63,4.72,10.38,1
67.97038566,22.95491503,0.001769,0.0017725,-0.636797136,61200,1,-76.77,0,-14.77,-57.67,0,-35.17,-133.23,0,-49.94,0
30.04376538,69.69373703,0.0016865,0.0016145,-0.538430644,25200,0,-81.45,0,-62.44,-7.17,65.89,71.16,-34.07,0,8.72,1
60.14015236,22.03041285,0.002067,0.0018885,0.480517132,46800,1,-62.3,0,-30.15,-27.92,54.51,-36.56,-43.58,11.56,-66.71,0
43.51056908,79.07834866,0.001913,0.0016885,-0.05392986,32400,0,-90.42,0,22.84,-7.78,44.34,28.27,-55.4,2.54,51.11,1
22.75993876,59.79854517,0.0016375,0.001481,-0.053182893,187200,0,-32.24,71.72,85.51,-43.04,17.66,-132.25,-44.09,89.38,-46.74,0
51.0488333,86.1610567,0.0019445,0.002146,0.263544526,28800,0,-96.14,0,-14.19,-10.14,77.31,34.02,-96.05,0,19.83,1
21.78585526,62.52365007,0.001484,0.0011475,0.725795649,50400,0,-78.96,0,-57.41,-8.92,73.43,62.74,-22.93,6.35,5.33,1
74.04834584,37.62733098,0.00178,0.001526,-0.003427523,82800,1,-86.11,0,15.25,-155.64,9.01,-121.3,-202.86,0,-106.05,0
28.20407569,68.26466269,0.0015255,0.001645,-0.367242492,46800,0,-88.7,32.61,-69.03,-49.24,99.76,84.49,-34.72,28.96,15.46,1
18.31198501,53.98532251,0.0014425,0.0013065,-0.618112203,21600,0,-109.91,27.52,-67.13,-34.9,146.98,106.59,-17.47,37.07,39.46,1
25.92050602,64.76627673,0.001372,0.0013675,0.605715751,18000,0,-9.58,48.4,114.11,-57.1,0,-129.32,-31.06,16.2,-15.21,0
70.8346788,34.02070161,0.001315,0.001493,-0.108211474,36000,1,-30.72,21.05,71.71,-65.5,0,-54.92,-62.14,6.61,16.79,1
46.88619928,82.98418277,0.001664,0.001624,-0.376089318,32400,0,-53.76,6.3,30.93,-36.71,18.6,-24.67,-72.56,0,6.26,1
82.09627387,44.11566883,0.001352,0.0012535,-0.693980869,352800,1,-61.22,120.47,-63.89,-231.33,0,-139.99,-220,0,-203.88,0
76.64030887,39.23692789,0.0014185,0.001371,0.87757745,54000,1,-44.97,2.91,-6.64,-9.16,65.2,55.68,-18.92,44.68,49.04,1
76.29273665,36.82889891,0.001945,0.001957,0.358170809,61200,1,-133.12,0,-94.56,-43.01,26.93,16.64,-112.5,0,-77.92,0
37.15586556,74.19952434,0.0018175,0.001571,-0.870146003,14400,0,-27.06,0,41.38,-9.99,35.61,-5.59,-19.18,8.55,35.79,1
18.67287539,54.21357666,0.001522,0.0014455,0.851164154,50400,0,-44.08,29.88,39.26,-113.38,0,-85.38,-97.74,0,-46.12,0
82.26461591,45.51490588,0.0015485,0.0012885,-0.420514099,18000,1,-62.46,0,-27.61,-8.53,111.29,90.37,-16.7,58.18,62.76,1
75.12980153,18.9190628,0.0016345,0.0013295,-0.225959579,241200,1,-189.33,0,-31.36,-79.57,76.92,-85.35,-193.97,0,-116.71,0
35.47527344,74.46712242,0.0016155,0.001633,-0.841848515,273600,0,-49.57,71.8,73.9,-192.15,0,-182.63,-153.11,0,-108.73,0
34.58056963,71.13421088,0.0015035,0.0018425,0.364605451,25200,0,-71.41,8.31,1.29,-24.59,35.05,14.47,-36.36,0,15.76,1
29.2406325,73.0364895,0.001515,0.0013925,-0.621286078,28800,0,-8.38,25.16,19.08,-87.3,4.87,-1.77,-62.14,5.58,17.31,1
67.48441204,31.0308242,0.001441,0.001581,0.512242155,154800,1,-77.72,0,-40.59,-1.21,107.49,64.31,-8.74,37.44,23.72,1
37.32010526,73.53850799,0.0017595,0.0014755,-0.555320761,7200,0,-100.42,0,-19.46,-8.45,82.65,19.36,-19.01,0,-0.1,0
26.54658544,62.11175604,0.002403,0.0016475,0.775945282,10800,0,-114.73,0,-57.41,-10.19,115.89,84.41,-20.52,27.46,27,1
31.86796228,68.75760299,0.001754,0.0017015,0.074051969,50400,0,-50.93,40.38,62.1,-118.81,12.24,-120.1,-102.64,0,-58,0
30.58514062,68.26791518,0.002512,0.001862,0.380357348,219600,0,-96.49,25.34,19.78,-79.14,96.19,-88.4,-146.51,0,-68.62,0
20.27514222,59.89853823,0.0018385,0.0017575,0.109252494,72000,0,-60.64,32.27,-10.44,-50.65,27.95,-7.93,-78.02,0,-18.37,0
17.59835846,53.15042873,0.0016385,0.001416,0.173782251,50400,0,-1.65,66.15,35.51,-86.89,47.09,-4.71,-20.74,56.17,30.8,1
29.53725948,68.76103163,0.0018915,0.0019255,0.012398598,28800,0,-77.79,0,-47.27,-2.34,59.19,51.4,-25.97,0,4.13,1
63.28447985,26.98601997,0.0017165,0.0015615,-0.538679764,10800,1,-32.26,0,71.07,-3.9,32.3,-39.61,-6.81,27.3,31.46,1
80.64777097,39.54562499,0.001815,0.001604,0.137189346,172800,1,-327.69,56.19,-88.34,-81.61,86.53,-242.37,-341.44,0,-330.71,0
78.25611808,36.47808293,0.002095,0.0014975,0.202868413,86400,1,-134.13,26.1,-22.41,-126.6,38.14,-58.24,-147.66,32.49,-80.65,0
75.80235086,38.80477183,0.0026915,0.0018535,-0.455638172,298800,1,-119.06,53.3,-87.17,-130,78.38,41.85,-171.26,78.39,-45.32,0
69.65036689,33.52257483,0.002264,0.0016735,-0.279169492,18000,1,-86.47,0,-54.25,-2.65,96.29,92.72,-49.07,9.82,38.47,1
68.54527712,28.49364436,0.00261,0.001846,0.551763939,3600,1,-0.96,0,108.77,-2.97,0,-131.24,-3.93,0,-22.47,0
77.28398339,42.23063733,0.0029025,0.0015865,-0.810361634,93600,1,-386.3,0,-294.63,-12.55,330.14,267.82,-250.1,0,-26.81,0
60.10566058,23.87734072,0.00509,0.0024795,-0.343418784,252000,1,0,0,-294.63,-47.85,189.12,1.61,-434.15,0,-293.02,0
70.92318113,31.54999042,0.0039275,0.001701,0.669801036,57600,1,0,0,-294.63,-56.33,159.57,-22.69,-442.63,0,-317.32,0
73.81528885,36.94972974,0.003362,0.001871,-0.665741237,64800,1,-57.84,111.52,55.33,-199.44,0,-113.75,-127.04,0,-58.42,0
18.14050781,57.53837765,0.003884,0.0015685,-0.382428782,21600,0,0,0,55.33,-93.72,60.61,-58.94,-25.17,129.16,-3.61,0
32.99538307,68.06721862,0.002307,0.0017585,-0.639765738,28800,0,-22.67,14.04,55.18,-2.95,28.27,26.3,-16.67,42.31,81.48,1
77.14876004,41.74200015,0.0040415,0.0025215,0.309917978,216000,1,-73.86,27.21,-3.63,-56.16,136.05,112.96,-126.41,110.07,109.33,1
38.50688098,73.52299796,0.0031385,0.001717,0.362556361,108000,0,-240.2,0,-116.08,-202.34,0,-124.08,-360.56,0,-240.16,0
59.22556108,22.62706626,0.002793,0.0016325,0.185815216,61200,1,-55.57,31.03,6.78,-8.18,83.95,11.79,-4.73,78.81,18.57,1
79.83750469,44.54930893,0.0033085,0.001876,0.104579084,50400,1,-61.71,20.53,-10.06,-21.06,73.73,-50.23,-65.77,22.79,-60.29,0
30.38523436,71.21922541,0.0029975,0.0020565,-0.33399475,39600,0,-48.32,30.55,20.35,-9.02,42.06,51.28,-28.27,23.52,71.63,1
67.5298726,26.61559408,0.002564,0.0013835,0.299195496,104400,1,-445.36,0,-423.87,-1.8,256.95,217.33,-332.63,32.82,-206.54,0
76.51280268,40.37554993,0.0029645,0.001655,0.103543938,39600,1,-212.4,0,-89.81,-3.49,142.03,90.83,-91.47,22.03,1.02,1
39.3490022,83.5494874,0.002606,0.001492,0.815529634,93600,0,-257.46,28.61,-220.58,-242.4,0,-44.97,-416.47,0,-265.55,0
13.36186178,57.28507364,0.002741,0.0014175,0.90260029,21600,0,0,0,-220.58,-4.53,277.7,180.99,-261.99,20.24,-39.59,0
75.31450068,38.8532171,0.002714,0.001622,0.070902805,21600,1,-48.61,63.6,-27.05,-52.73,155.71,132.21,-4.69,107.1,105.16,1
38.62074888,79.65289794,0.0028035,0.0017825,-0.523512051,241200,0,-118.76,0,-53.73,-4.19,201.22,181.79,-4.93,117.77,128.06,1
36.10693015,71.83888983,0.003106,0.0021505,0.667660391,61200,0,-2.17,138.69,66.34,-145.65,0,9.39,-16.57,76.24,75.73,1
22.51448493,58.93434282,0.0027985,0.001931,-0.026671571,79200,0,-197,45.21,-176.28,-4.39,102.32,84.37,-140.23,55.06,-91.91,0
23.42888057,71.55419837,0.002104,0.0013895,-0.688092392,68400,0,-26.28,122.97,182.72,-105.31,0,-116.04,-61.75,62.14,66.68,1
29.37352614,73.33914399,0.002986,0.001764,-0.419774079,64800,0,-68.66,43.79,18.01,-64.12,45.54,-40.07,-71.96,54.85,-22.06,0
22.74850749,67.63823813,0.00192,0.00122,-0.64105372,100800,0,-84.03,158.52,-16.25,-240.42,8.41,-147.44,-152.35,19.53,-163.69,0
67.83134196,23.26862638,0.0022335,0.001813,-0.060521076,54000,1,-3.4,111.07,70.53,-72.73,37.18,15.22,-11.12,91.19,85.75,1
31.66915856,76.60480423,0.001988,0.001407,0.72284893,36000,0,-2.92,286.38,267.22,-116.57,0,-21.71,-8.09,183.78,245.51,1
72.61547745,37.31636891,0.0022465,0.001286,-0.438511391,43200,1,-62.92,38.25,-14.81,-170.82,25.16,-70.01,-179.23,0,-84.82,0
29.75124805,66.63904052,0.001987,0.0013685,-0.267354287,72000,0,-41.29,120.65,149.84,-221.98,48.86,-217.32,-165.75,21.38,-67.48,0
54.91535599,16.78116622,0.002654,0.001987,0.470857293,93600,1,-385.89,1.12,-373.73,-25.8,337.89,317.31,-155.86,0,-56.42,0
26.08995685,63.73347774,0.002892,0.0022555,-0.355835474,39600,0,-81.07,34.41,-1.28,-18.33,133.04,113.87,-7.71,51.97,112.59,1
81.70120993,44.99323795,0.0026155,0.0020245,0.781173021,93600,1,-281.9,80.92,-231.61,-103.15,104.48,56.28,-198.7,35.95,-175.33,0
29.98345501,74.1478011,0.002682,0.002221,0.283225173,201600,0,-17.32,0,-8.75,-14.84,132.27,85.46,-21.26,116.38,76.71,1
43.27785476,80.38936124,0.002572,0.002252,-0.650749929,68400,0,-75.16,48.15,1.43,-159.73,0,-48.67,-159.6,33.21,-47.24,0
39.88668529,80.80560614,0.0031935,0.0017215,0.706603852,7200,0,0,0,1.43,-6.13,23.87,-91.22,-44.55,0,-89.79,0
33.67667882,85.11681961,0.0027975,0.0024815,-0.00963445,266400,0,-327.71,29.79,-281.14,-10.73,200.03,201.09,-274.57,45.54,-80.05,0
84.04497157,44.31671039,0.0030725,0.002208,-0.007218666,82800,1,-123.38,0,-25.93,-112.22,39.4,-23.05,-160.8,0,-48.98,0
48.72827437,84.17751265,0.0023245,0.002647,0.730937012,39600,0,-15.68,179.32,315.76,-148.91,0,-189.06,-33.01,66.43,126.7,1
81.93091962,33.45729259,0.0038635,0.0031635,0.322648134,234000,1,-1.22,149.63,183.31,-46.45,116.77,-35.37,-1.26,151.8,147.94,1
21.79048688,57.61989842,0.00483,0.0026325,0.889252081,28800,0,-111.73,68.79,-88.88,-5.99,273.15,167.72,-7.06,161.42,78.84,1
59.97157353,24.6294584,0.0033895,0.0023405,0.544522479,198000,1,-20.61,25.44,-13.07,-1.05,171.74,125.4,-1.77,151.13,112.33,1
32.57810952,68.53321238,0.002229,0.001752,-0.202569623,79200,0,-223.54,0,-202.41,-6.31,297.19,285.49,-136.65,73.65,83.08,1
76.42867322,40.1229034,0.0033795,0.0023455,0.379293878,46800,1,-147.04,0,-98.46,-9.77,144.7,230.14,-59.91,31.03,131.68,1
47.34713095,84.09328669,0.0024395,0.0024995,0.627642018,25200,0,-1.08,60.83,204.46,-2.71,36.27,-22.17,-3.79,97.1,182.29,1
42.83024794,78.87668027,0.002539,0.0021085,0.394154837,21600,0,-16.22,118.2,135.62,-61.41,0,-27.81,-38.78,112.17,107.81,1
80.90543942,42.34211043,0.002955,0.002944,0.414530715,219600,1,-39.32,41.59,92.36,-78.02,49.51,-98.2,-91.6,22.9,-5.84,0
17.06762573,59.86571988,0.003078,0.0021935,0.323893609,39600,0,-60.6,65.3,75.03,-47.95,37.56,-11.88,-58.83,65.55,63.15,1
22.60757614,58.02430246,0.002691,0.002085,0.87001075,10800,0,-0.91,31.04,8.35,-8.22,59.24,67.69,-5.13,59.97,76.04,1
36.74374819,73.48850252,0.0023105,0.0029365,0.806964728,72000,0,-1.37,81.27,59.07,-109.28,45.44,-48.56,-77.8,86.05,10.51,1
15.57266714,59.25392406,0.0018335,0.001561,-0.751586741,21600,0,-18.54,24.13,34.52,-65.98,103.29,47.87,-50.54,127.42,82.39,1
78.53793666,43.03042196,0.002319,0.0015865,0.545172968,32400,1,-26.71,39.13,53.74,-43.34,11.34,12.66,-18.09,14.26,66.4,1
70.45951949,35.26325494,0.0015975,0.001242,0.809899189,54000,1,-34.43,44.81,-4.08,-89.89,16.26,7.08,-45.08,0,3,1
25.46371632,64.11017344,0.0015755,0.0015975,-0.924031976,25200,0,-17.11,10.34,59.07,-2.02,50.83,22.93,-11.25,51.96,82,1
54.70154048,17.82378597,0.0017645,0.0018205,0.859700915,21600,1,-112.87,0,-78.01,-3.13,140.73,117.52,-3.33,28.1,39.51,1
78.51906607,40.44320022,0.001955,0.001191,0.88562059,25200,1,-74.39,0,-23.35,-7.89,130.52,91.48,-12.71,60.47,68.13,1
59.70448728,23.87010365,0.0022055,0.0015975,-0.173405775,36000,1,-5.16,58.19,82.29,-37.77,0,-32.14,-36.69,29.4,50.15,1
28.21617425,66.37306085,0.00222,0.0012395,-0.388126744,28800,0,-28.03,143.11,111.28,-240.85,0,-178.96,-114.34,0,-67.68,0
83.1281412,47.77349724,0.001628,0.001492,0.247775751,14400,1,-32.16,0.37,2.99,-3.65,34.85,9.93,-13.87,2.69,12.92,1
27.79121819,75.09913768,0.001433,0.0010945,0.779392999,43200,0,-63.25,0,-36.57,-7.43,51.85,-18.26,-57.97,0,-54.83,0
49.20755616,11.86000098,0.001434,0.00159,0.729959611,216000,1,-50.55,1.65,101.39,-22.5,11.9,-15.81,-45.62,1.46,85.58,1
72.96914148,34.76689912,0.001719,0.001259,-0.078703361,72000,1,-17.55,49.8,66.49,-235.93,0,-173.55,-187.28,0,-107.06,0
25.92796775,73.60297308,0.001149,0.001513,0.094912379,97200,0,-85.86,1.46,-2.93,-32.15,30.91,-28.45,-80.71,0,-31.38,0
40.81808747,78.84484354,0.001146,0.001488,-0.149790549,270000,0,-5.62,112.14,65.7,-161.28,0,-32.25,-101.09,40.21,33.45,1
41.29171808,76.7765238,0.001387,0.0013145,0.279533284,223200,0,-3.01,43.21,53.36,-16.3,16.32,2.72,-5.53,56.53,56.08,1
64.18171447,28.07345531,0.001496,0.0012815,0.48653608,28800,1,-32.52,2.98,-1.86,-2.75,44.77,42.61,-4.8,27.53,40.75,1
80.12268629,38.90198536,0.001928,0.001505,0.439331316,118800,1,-126.45,15.4,-87.88,-91.33,47.63,37.6,-105.01,0,-50.28,0
53.53895003,16.49057592,0.001116,0.001147,-0.361761704,57600,1,-17.68,40.87,61.27,-8.43,24.52,-6.94,-5.26,51.84,54.33,1
15.9629659,60.44370619,0.0011655,0.000803,-0.131779234,7200,0,-2.99,3.17,34.85,-10.89,0,-26.55,-7.72,0,8.3,1
56.62768876,14.72366126,0.002086,0.001851,0.031224935,165600,1,-241.73,37.94,-166.07,-142.53,49.77,-134.43,-331.56,46.07,-300.5,0
65.47676209,26.23055585,0.002404,0.0015335,-0.609480984,216000,1,-14.02,51.74,81.89,-76.82,0,-66.99,-39.89,1.01,14.9,1
79.78396913,42.58895644,0.002584,0.0022835,0.564071883,14400,1,-0.17,123.97,122.41,-33.72,110.26,124.43,-0.99,234.23,246.84,1
37.98139804,73.64890769,0.0026425,0.0021675,-0.522613866,39600,0,-6.82,97.84,145.2,-277.53,0,-245.98,-196.66,0,-100.78,0
19.67484184,57.69586887,0.0023805,0.0017375,0.419302871,7200,0,-3.17,13.02,39.91,-11.06,0,0.48,-9.43,1.96,40.39,1
60.54909703,23.53839803,0.002232,0.002122,-0.708231011,61200,1,-66.11,115.76,103.03,-114.17,0.94,-34.39,-65.17,27.87,68.64,1
38.27801173,78.16876575,0.0028015,0.002253,-0.644085845,68400,0,-3.5,156.45,173.1,-181.71,0,-161.09,-92.25,8.4,12.01,1
77.13988237,41.27382175,0.0025895,0.0018505,-0.485467469,64800,1,-156.01,0,-91,-188.3,0,-62.5,-287.43,0,-153.5,0
31.8335511,69.59868315,0.003385,0.001546,-0.301095902,3600,0,-3.09,0,-16.2,-10.02,0,-55.21,-13.11,0,-71.41,0
77.56827747,35.71357189,0.0030105,0.0016385,0.53341877,32400,1,-83.14,0,11.64,-8.56,122.55,87.83,-59.35,65.01,99.47,1
25.53197369,62.08343668,0.002811,0.0021895,-0.319992182,21600,0,-28.15,29.55,25.88,-7.39,66.36,24.87,-9.11,38.79,50.75,1
61.03661022,19.5505608,0.002867,0.002224,-0.005812385,57600,1,-36.16,144.4,69.52,-42.83,69.87,10.05,-9.87,163.67,79.57,1
66.20312181,29.66258836,0.0030685,0.0019985,-0.309277384,25200,1,-129,62.01,-142.44,-48.61,308.74,415.83,-12.45,179.74,273.39,1
32.88108707,72.20740636,0.0026105,0.001718,-0.485848741,72000,0,-33.87,225.52,122.95,-331.67,20.95,-208.24,-234.79,0,-85.29,0
50.86581054,14.07572399,0.002519,0.0017175,0.166695445,32400,1,-2.75,54.73,57.29,-61.01,0,-13.72,-49.37,47.49,43.57,1
24.0429818,62.30951829,0.0027065,0.0021295,0.000221307,241200,0,-83.89,45.06,78.4,-181.61,0,-107.46,-223.83,0,-29.06,0
31.35676349,67.61916775,0.002718,0.0026145,0.48950454,7200,0,-9.22,8.54,114.08,-8.87,26.23,-39.91,-18.09,34.77,74.17,1
36.65831716,71.74627689,0.004204,0.0030905,0.358374119,25200,0,-300.3,0,-162.72,-18.98,479.88,434.35,-33.26,238.86,271.63,1
51.60433297,14.42109841,0.005564,0.0043845,0.848451175,248400,1,-101.74,56.32,-63.21,-114.5,159.63,176.68,-83.52,58.99,113.47,1
84.95875192,42.48078657,0.0048835,0.003968,0.111079021,61200,1,-159.48,74.82,112.99,-148.65,21,-140.64,-172.89,17.85,-27.65,0
64.16167132,28.58656426,0.0040915,0.00288,0.88040748,32400,1,-4.3,118.59,47.48,-131.19,0,6.5,-123.64,44.04,53.98,1
72.99080286,29.93887392,0.0028315,0.0022935,-0.06261202,39600,1,-216.35,36.29,-178.84,-12.9,203.87,188.42,-17.85,64.92,9.58,1
13.81310643,49.48726995,0.002384,0.002103,0.864493896,100800,0,-279.87,24.09,-260.7,-25.26,224.86,205.83,-105.47,33.26,-54.87,0
75.77538895,38.36171666,0.003168,0.002659,-0.190756379,54000,1,-29.84,41.72,75.26,-27.66,40.92,-68.26,-10.67,29.27,7,1
62.27473398,26.80934435,0.002497,0.0020475,0.662998365,18000,1,-102.74,0,-45.03,-5.1,55.21,-16.51,-57.87,0,-61.54,0
21.7703105,60.61649362,0.002464,0.002025,-0.813718881,72000,0,-131.64,0,-11.84,-41.03,25.42,-43.34,-154.18,0,-55.18,0
79.12576955,41.63566629,0.0030345,0.0022085,0.398708917,7200,1,-3.53,18.86,104.92,-44.98,0,-39.52,-26.12,0,65.4,1
61.3439452,25.78875471,0.002998,0.002227,-0.209407643,187200,1,-15.92,206.53,249.85,-8.99,7.46,-415.26,-14.96,213.99,-165.41,0
84.54861959,49.2235935,0.0031685,0.00265,-0.523789609,10800,1,-11.98,1.17,67.43,-5.34,27.47,-68.99,-9.42,15.49,-1.56,0
46.23967202,82.20636941,0.003767,0.003055,0.660430003,252000,0,-88.48,35.68,48.89,-152.87,25.51,-106.66,-136.24,32.1,-57.77,0
18.30967074,59.69878238,0.003238,0.001974,0.633211073,57600,0,-161.97,0,-125.6,-6.03,215.11,194.22,-59.19,68.04,68.62,1
75.12034709,35.52335797,0.003442,0.002417,0.785743539,32400,1,-205.19,0,-151.06,-4.09,319.41,213.92,-21.88,114.22,62.86,1
83.39246261,41.68221292,0.0052615,0.005012,0.410538007,36000,1,-180.52,0,-39.92,-36.84,205.6,69.35,-55.16,25.08,29.43,1
67.84884436,32.21954,0.0046695,0.0031675,0.654041158,68400,1,-255.08,81.05,-219.64,-112.46,328.06,242.91,-42.95,110.62,23.27,1
78.28284634,34.14148144,0.0044425,0.002188,0.676856157,7200,1,-43.5,0,22.92,-7.45,116.67,-27.63,-10.54,73.17,-4.71,0
39.05528916,74.46216383,0.002918,0.002164,-0.109116408,21600,0,-17.68,68.78,172.62,-67.56,0,-159.09,-38.51,1.69,13.53,1
81.60004891,43.13162704,0.0039595,0.0023275,-0.463100332,97200,1,-52.07,212.74,108.56,-591.81,66.99,-520.43,-419.3,35.87,-411.87,0
66.85343698,29.03962182,0.0029115,0.002468,0.067233177,223200,1,-27.43,27.49,31.36,-35.74,41.9,10.29,-23.15,42.89,41.65,1
20.61008689,65.27585156,0.003357,0.0021395,0.195665021,43200,0,-104.61,3.57,-21.37,-4.45,112.94,-57.68,-28.77,25.8,-79.05,0
36.31493495,71.36101624,0.0028505,0.0024505,0.270448866,291600,0,-291.53,23.59,-225.28,-30.6,106.21,89.32,-219.06,7.01,-135.96,0
37.07700634,76.00623468,0.002806,0.0020375,-0.750404786,93600,0,-144.09,0,-109.4,-96.57,140.08,109.35,-165.7,0,-0.05,0
61.42577127,19.57739588,0.0037445,0.0023645,0.882039099,7200,1,-300.63,0,-365.31,-4.8,482.37,557.02,-7.88,181.74,191.71,1
19.90144264,61.05003467,0.0022505,0.0017685,-0.53432644,14400,0,-73.11,0,-25.54,-4.68,110.98,59.43,-29.22,37.87,33.89,1
36.38121629,75.96399523,0.0023915,0.001892,-0.171251284,10800,0,-3.36,21.43,34.96,-3.42,5.76,5.94,-6.78,27.19,40.9,1
73.33565827,35.63619715,0.003568,0.0031985,-0.331509484,68400,1,-181.04,0,-48.31,-104.64,181.05,-17.68,-173.76,28.76,-65.99,0
60.47967946,23.27276674,0.0045975,0.003722,0.233948682,230400,1,-47.21,20.13,53.12,-80.68,31.58,-20.66,-92.36,0,32.46,1
58.31654615,18.67262,0.0031405,0.0024375,0.231425407,201600,1,-45.27,0,-60.3,-4.21,128.2,37.21,-7.41,84.61,-23.09,0
68.2208771,31.83476694,0.002669,0.0020315,-0.407515719,7200,1,-3.16,25.15,164.7,-5.14,13.38,-57.82,-8.3,38.53,106.88,1
82.02377337,46.15168969,0.003443,0.0023445,0.623239848,104400,1,-307.42,0,-127.09,-57.84,138.52,-43.98,-264.29,0,-171.07,0
33.29524045,70.33914531,0.0031245,0.0029835,0.686437693,28800,0,-97.39,0,-64.02,-14.06,142.13,106.39,-30.4,44.74,42.37,1
60.39634868,24.5653534,0.0033675,0.0023055,0.916922356,75600,1,-51.48,51.88,5.82,-120.76,0,-87.57,-106.46,0,-81.75,0
15.91395285,55.38518206,0.001788,0.0016715,0.140667819,104400,0,-243.74,0,-150.78,-172.52,1.94,-84.53,-275.66,0,-235.31,0
27.74069823,73.07989348,0.002611,0.002105,-0.250738891,57600,0,-28.13,136.86,284.56,-190.8,0,-293.72,-115.88,0,-9.16,0
39.76911629,75.37229329,0.0025065,0.0018585,-0.293832114,72000,0,-90.7,18.36,-51.91,-154.02,0,-43.09,-145.2,0,-95,0
23.30855316,66.59039198,0.003549,0.002633,0.653385848,248400,0,-15.44,38.81,94.16,-46.64,49.09,-152.87,-41.8,72.79,-58.71,0
30.07367242,67.18313884,0.0026335,0.002791,-0.427533504,75600,0,-190.55,7.01,-93.4,-12.11,174.6,105.47,-54.04,12.37,12.07,1
34.13365538,71.54096009,0.0018985,0.002074,-0.22146502,50400,0,-130.61,6.42,-82.66,-66.58,13.78,2.42,-186.54,7.78,-80.24,0
35.83821597,75.14550051,0.0028375,0.002197,0.442350864,198000,0,-35.42,0,-3.04,-36.24,24.99,7.37,-45.97,0,4.33,1
37.49698282,77.80886103,0.0023795,0.0018345,-0.503984859,306000,0,-115.36,92.97,-14.35,-118.53,22.36,-89.31,-151.85,0,-103.66,0
81.48007014,42.81267983,0.002319,0.0019425,0.354838957,223200,1,-18.18,18.07,39.11,-10.93,22.22,1.11,-24.4,25.48,40.22,1
41.21929581,79.42020726,0.002495,0.00183,-0.209724446,57600,0,-3.36,28.17,14.07,-56.94,23.87,5.03,-42.59,25.09,19.1,1
27.0002542,62.65499635,0.001908,0.0015735,-0.39250828,28800,0,-23.34,112.21,128.49,-165.25,3.92,-73.6,-54.6,13.88,54.89,1
45.48622618,80.94432662,0.0024205,0.0021855,-0.094088341,104400,0,-167.72,19.68,-154.43,-86.99,104.19,83.36,-146.32,0,-71.07,0
67.58616392,26.92914925,0.001961,0.002269,-0.255273407,43200,1,-76.38,49.83,95.65,-84.45,27.06,-103.39,-71.59,0,-7.74,0
16.05435934,59.10632941,0.002422,0.001983,0.600346066,54000,0,-2.77,216.62,178.28,-165.96,0,-110.2,-17.99,102.16,68.08,1
20.25755448,55.84334345,0.0021135,0.001688,0.846221517,32400,0,-12.4,54.64,121.82,-102.2,8.76,-140.79,-53.67,0,-18.97,0
53.02147976,16.15156904,0.004375,0.0029075,0.763828711,14400,1,-855.6,0,-805.38,-5.63,1152.86,1038.66,-9.03,297.26,233.28,1
73.47667349,27.22143229,0.003185,0.0025645,-0.364849498,237600,1,-72.22,10.71,-42.2,-94.26,0,-21.36,-154.62,0,-63.56,0
19.48689892,57.87647754,0.0019705,0.0022435,0.251711093,32400,0,-53.38,64.14,2.89,-38.17,88.27,79.58,-14.55,54.64,82.47,1
76.33611037,33.63889694,0.0019175,0.0020295,-0.398283183,151200,1,-220.05,8.75,-188.82,-128.91,48.78,-32.17,-231.66,0,-220.99,0
80.72741257,44.5725455,0.0029665,0.002256,0.145125214,226800,1,-46.22,25.08,-25.98,-44.87,38.42,22.01,-80.25,0,-3.97,0
41.36807286,83.79484653,0.001571,0.001227,0.523179783,32400,0,-44.49,5.47,-27.45,-26.64,53.05,81.45,-51.32,20.24,54,1
55.96436441,20.87826571,0.0022395,0.002077,0.301938976,201600,1,-17.09,37.98,65.8,-43.9,0.83,-39.68,-34.92,4.04,26.12,1
28.16956894,66.39510056,0.0014865,0.0014415,0.097602549,158400,0,-107.28,66.29,14.78,-355.7,25.7,-355.65,-412.5,22.07,-340.87,0
69.68858848,27.36171643,0.002302,0.002777,0.374288969,104400,1,-60.11,71.42,63.55,-120.04,25.77,-82.74,-69.66,19.77,-19.19,0
13.93437571,53.25562831,0.0022385,0.0018525,-0.769428182,43200,0,-40.01,14.12,-0.61,-49.58,70.97,49.57,-64.97,45.82,48.96,1
83.92274105,41.84510665,0.002369,0.0017385,0.591991529,64800,1,-81.26,6.36,-57.9,-3.83,71.56,93.4,-21.2,41.41,35.5,1
25.06310579,62.11692965,0.002231,0.00191,-0.396493035,10800,0,-2.77,7.4,27.72,-3.28,18.67,-42.22,-6.05,21.73,-14.5,0
68.06353907,31.22502941,0.002091,0.001958,-0.290020231,241200,1,-42.23,84.94,3.19,-140.75,0,-69.62,-96.52,0,-66.43,0
62.33281572,19.98082472,0.0024765,0.0018875,0.643089769,234000,1,-2.7,101.63,53.78,-65.36,11.83,-40.33,-6.39,69.7,13.45,1
53.74656837,18.31797228,0.0019085,0.0016165,0.638698287,82800,1,-12.9,48.5,-2.55,-89.41,18.68,-16.21,-61.07,12.08,-18.76,0
62.07738003,25.76382713,0.0020185,0.0015135,-0.365022102,18000,1,-31.84,23.64,-7.67,-52.18,60.46,33.65,-28.54,28.62,25.98,1
26.62254226,63.0313967,0.002307,0.0019465,0.070335833,277200,0,-32.77,39.02,-18.96,-50.74,9.01,3.79,-43.91,12.02,-15.17,0
41.1647893,79.51938043,0.0020825,0.001784,0.47678744,28800,0,-51.95,0,-29.33,-3.24,115.11,103.92,-5.95,65.58,74.59,1
23.02013449,60.64951813,0.001981,0.0015945,-0.174075471,72000,0,-36.23,42.31,30.73,-70.17,0,-24.9,-50.87,1.56,5.83,1
82.46930879,38.97990624,0.002073,0.0016515,-0.754631251,104400,1,-308.55,0,-299.55,-36.74,283.42,296.05,-150.88,6.02,-3.5,0
58.00092307,21.87886648,0.002277,0.0019375,-0.085597533,14400,1,-2.64,51.91,26.46,-30.72,41.25,85.73,-5.97,50.64,112.19,1
60.5086105,24.981253,0.001876,0.0025845,0.744431704,82800,1,-52.49,29.76,31.95,-116.42,7.98,-79.17,-128.37,13.24,-47.22,0
28.05945636,65.57387798,0.0016005,0.001755,-0.352315285,7200,0,-42.56,0,116.03,-2.87,23.42,-106.02,-19.14,0,10.01,1
74.69800977,34.97076997,0.0027615,0.001683,-0.292727125,72000,1,-22.03,28.61,21.94,-243.05,20.57,-152.6,-231.16,0,-130.66,0
68.09321255,31.79907311,0.001905,0.0017925,-0.111047616,39600,1,-161.52,0,-162.71,-25.34,160.81,179.62,-63.6,16.77,16.91,1
20.04160471,57.91875615,0.002145,0.001896,0.076351063,10800,0,-39.3,0,-26.87,-3.38,301.33,374.25,-6.14,262.03,347.38,1
18.21433176,65.17741251,0.002068,0.001885,-0.383233185,216000,0,-2.82,35.63,30.64,-3.29,82.42,56.66,-6.11,108.51,87.3,1
29.71404648,75.6020618,0.002809,0.0020985,0.407582589,108000,0,-134.27,0,-100.42,-171.89,75.9,48.73,-176.64,2.78,-51.69,0
76.99523804,39.82110436,0.0025235,0.0017085,-0.033913874,25200,1,-2.84,77.92,58.39,-57.05,2.88,34.49,-7.4,76.99,92.88,1
23.96924318,60.83036076,0.0026635,0.002592,-0.395353406,36000,0,-32.54,26.93,14.08,-7.77,77.84,24.4,-29.17,74.63,38.48,1
31.82985398,69.75314155,0.0023095,0.002866,-0.648731793,25200,0,-3.62,114.84,130.4,-6.08,66.09,70.65,-6.82,165.57,201.05,1
35.5010252,73.63326921,0.0019065,0.001521,0.415419547,3600,0,-2.84,0,-59.14,-3.74,0,87.5,-6.58,0,28.36,1
76.0279996,37.4711767,0.001657,0.001632,-0.558211668,28800,1,-2.83,68.21,68.76,-47.74,5.58,-34.19,-5.86,35.69,34.57,1
66.72468585,30.9564638,0.0020615,0.0022135,0.512172013,28800,1,-3.03,78.7,59.34,-19.86,3.8,25.39,-6.17,74.61,84.73,1
22.64858093,62.0253847,0.0019875,0.0019905,0.413373388,68400,0,-203.55,10.61,-158.73,-2.44,130.88,123.52,-92.4,16.8,-35.21,0
71.57669105,36.1413749,0.0025405,0.0023855,0.021679992,90000,1,-299.65,0,-239.01,-3.23,107.84,81.15,-193.1,0,-157.86,0
56.2432328,19.56949132,0.0020855,0.001863,-0.805878274,72000,1,-64.59,7.41,-4.56,-53.34,18.61,-58.84,-95.75,10.89,-63.4,0
13.67314177,59.38878441,0.0019165,0.001678,0.86135865,226800,0,-90.85,0,-51.98,-3.5,116.45,107.05,-51.76,48,55.07,1
72.7577117,37.36264105,0.0019535,0.0016475,-0.240586154,295200,1,-37.11,25.44,63.92,-263.23,11.97,-313.46,-275.39,0,-249.54,0
31.42604537,68.14514789,0.0020415,0.0015955,0.049906949,25200,0,-56.56,0,-27.3,-3.86,114.4,61.67,-28.69,57.84,34.37,1
34.63608065,71.56372527,0.0025455,0.002217,0.724760217,64800,0,-135.6,16.25,-97.22,-92.42,167.87,225.03,-96.71,46.98,127.81,1
